{
  "rectList": [
    {
      "id": 0,
      "key": "11",
      "isHasKey": 0,
      "x": 3828.0361869359326,
      "y": 327.4472977342165,
      "width": 676.4720912464746,
      "height": 114.40929679870213
    }
  ],
  "tableList": [
    {
      "x": 2355.7145765759587,
      "y": 2090.9285277004183,
      "width": 899.3099565982546,
      "height": 426.0760018710286,
      "id": 0,
      "key": "体积长度",
      "columnList": [
        {
          "width": 449.6549782991273,
          "height": 426.0760018710286,
          "y": 2090.9285277004183,
          "key": "体积",
          "x": 2355.7145765759587
        },
        {
          "width": 449.6549782991273,
          "height": 426.0760018710286,
          "y": 2090.9285277004183,
          "key": "长度",
          "x": 2805.369554875086
        }
      ],
      "text": "",
      "maxRows": 6,
      "centerLineList": [
        0.5
      ],
      "centerLineListTemp": [
        0,
        0.5,
        1
      ]
    }
  ]
}
